<?xml version="1.0" encoding="utf-8"?>
<familyset version="22">
    <family name="sans-serif">
        <font weight="100" style="normal">HarmonyOSSans-Thin.ttf</font>
        <font weight="100" style="italic">HarmonyOSSans-ThinItalic.ttf</font>
        <font weight="300" style="normal">HarmonyOSSans-Light.ttf</font>
        <font weight="300" style="italic">HarmonyOSSans-LightItalic.ttf</font>
        <font weight="400" style="normal">HarmonyOSSans-Regular.ttf</font>
        <font weight="400" style="italic">HarmonyOSSans-Italic.ttf</font>
        <font weight="500" style="normal">HarmonyOSSans-Medium.ttf</font>
        <font weight="500" style="italic">HarmonyOSSans-MediumItalic.ttf</font>
        <font weight="900" style="normal">HarmonyOSSans-Black.ttf</font>
        <font weight="900" style="italic">HarmonyOSSans-BlackItalic.ttf</font>
        <font weight="700" style="normal">HarmonyOSSans-Bold.ttf</font>
        <font weight="700" style="italic">HarmonyOSSans-BoldItalic.ttf</font>
    </family>

    <alias name="sans-serif-thin" to="sans-serif" weight="100" />
    <alias name="sans-serif-light" to="sans-serif" weight="300" />
    <alias name="sans-serif-medium" to="sans-serif" weight="500" />
    <alias name="sans-serif-black" to="sans-serif" weight="900" />
    <alias name="arial" to="sans-serif" />
    <alias name="helvetica" to="sans-serif" />
    <alias name="tahoma" to="sans-serif" />
    <alias name="verdana" to="sans-serif" />
    <alias name="sans-serif-condensed" to="sans-serif" />
</familyset>
